[
    {
        "id": 1,
        "name": "Vir Das",
        "city": ["Mumbai", "Delhi"],
        "ticket_price": "Premium",
        "popularity": "Legendary",
        "genre": ["Stand-up", "Satire"],
        "language": ["English", "Hindi"],
        "experience": 15,
        "rating": 4.8
    },
    {
        "id": 2,
        "name": "Zakir Khan",
        "city": ["Delhi", "Bangalore"],
        "ticket_price": "Standard",
        "popularity": "Legendary",
        "genre": ["Stand-up", "Storytelling"],
        "language": ["Hindi"],
        "experience": 12,
        "rating": 4.9
    },
    {
        "id": 3,
        "name": "Kenny Sebastian",
        "city": ["Bangalore", "Mumbai"],
        "ticket_price": "Standard",
        "popularity": "Trending",
        "genre": ["Stand-up", "Music Comedy"],
        "language": ["English", "Hindi"],
        "experience": 10,
        "rating": 4.7
    },
    {
        "id": 4,
        "name": "Atul Khatri",
        "city": ["Mumbai", "Pune"],
        "ticket_price": "Premium",
        "popularity": "Legendary",
        "genre": ["Stand-up", "Observational"],
        "language": ["English", "Hindi"],
        "experience": 20,
        "rating": 4.6
    },
    {
        "id": 5,
        "name": "Abhishek Upmanyu",
        "city": ["Delhi", "Jaipur"],
        "ticket_price": "Standard",
        "popularity": "Trending",
        "genre": ["Stand-up", "Observational"],
        "language": ["Hindi"],
        "experience": 8,
        "rating": 4.8
    },
    {
        "id": 6,
        "name": "Munawar Faruqui",
        "city": ["Mumbai", "Surat"],
        "ticket_price": "Affordable",
        "popularity": "Trending",
        "genre": ["Stand-up", "Satire"],
        "language": ["Hindi", "Gujarati"],
        "experience": 7,
        "rating": 4.7
    },
    {
        "id": 7,
        "name": "Aakash Gupta",
        "city": ["Delhi", "Lucknow"],
        "ticket_price": "Standard",
        "popularity": "Trending",
        "genre": ["Stand-up", "Improvisation"],
        "language": ["Hindi"],
        "experience": 9,
        "rating": 4.6
    },
    {
        "id": 8,
        "name": "Biswa Kalyan Rath",
        "city": ["Bangalore", "Kolkata"],
        "ticket_price": "Premium",
        "popularity": "Legendary",
        "genre": ["Stand-up", "Observational"],
        "language": ["English"],
        "experience": 14,
        "rating": 4.9
    }
]
