[
    {
        "id": 1,
        "name": "Vir Das",
        "origin": "India",
        "genre": ["Stand-up", "Satire"],
        "language": ["English", "Hindi"],
        "experience": 15,
        "rating": 4.8
    },
    {
        "id": 2,
        "name": "Zakir Khan",
        "origin": "India",
        "genre": ["Stand-up", "Storytelling"],
        "language": ["Hindi"],
        "experience": 12,
        "rating": 4.9
    },
    {
        "id": 3,
        "name": "Kenny Sebastian",
        "origin": "India",
        "genre": ["Stand-up", "Music Comedy"],
        "language": ["English", "Hindi"],
        "experience": 10,
        "rating": 4.7
    },
    {
        "id": 4,
        "name": "Atul Khatri",
        "origin": "India",
        "genre": ["Stand-up", "Observational"],
        "language": ["English", "Hindi"],
        "experience": 20,
        "rating": 4.6
    },
    {
        "id": 5,
        "name": "Abhishek Upmanyu",
        "origin": "India",
        "genre": ["Stand-up", "Observational"],
        "language": ["Hindi"],
        "experience": 8,
        "rating": 4.8
    },
    {
        "id": 6,
        "name": "Trevor Noah",
        "origin": "South Africa",
        "genre": ["Stand-up", "Satire"],
        "language": ["English"],
        "experience": 18,
        "rating": 4.9
    },
    {
        "id": 7,
        "name": "Kevin Hart",
        "origin": "USA",
        "genre": ["Stand-up", "Storytelling"],
        "language": ["English"],
        "experience": 20,
        "rating": 4.8
    },
    {
        "id": 8,
        "name": "John Oliver",
        "origin": "UK",
        "genre": ["Satire", "Political"],
        "language": ["English"],
        "experience": 22,
        "rating": 4.9
    },
    {
        "id": 9,
        "name": "Gabriel Iglesias",
        "origin": "USA",
        "genre": ["Stand-up", "Observational"],
        "language": ["English", "Spanish"],
        "experience": 23,
        "rating": 4.7
    },
    {
        "id": 10,
        "name": "Russell Peters",
        "origin": "Canada",
        "genre": ["Stand-up", "Cultural Comedy"],
        "language": ["English"],
        "experience": 25,
        "rating": 4.8
    },
    {
        "id": 11,
        "name": "Viraj Ghelani",
        "origin": "India",
        "genre": ["Stand-up", "Storytelling"],
        "language": ["Hindi", "Gujarati"],
        "experience": 6,
        "rating": 4.6
    },
    {
        "id": 12,
        "name": "Daniel Sloss",
        "origin": "Scotland",
        "genre": ["Stand-up", "Dark Comedy"],
        "language": ["English"],
        "experience": 15,
        "rating": 4.7
    }
]
