[
    {
        "id": 1,
        "name": "Comedy Nights with Vir Das",
        "venue": "Mumbai",
        "date": "2025-03-15",
        "base_price": 1000,
        "max_tickets_per_user": 4,
        "total_tickets": 100,
        "tickets_sold": 80
    },
    {
        "id": 2,
        "name": "Laugh Riot with Zakir Khan",
        "venue": "Delhi",
        "date": "2025-04-10",
        "base_price": 1200,
        "max_tickets_per_user": 5,
        "total_tickets": 150,
        "tickets_sold": 130
    },
    {
        "id": 3,
        "name": "Kenny Sebastian Live",
        "venue": "Bangalore",
        "date": "2025-05-05",
        "base_price": 1500,
        "max_tickets_per_user": 3,
        "total_tickets": 120,
        "tickets_sold": 100
    },
    {
        "id": 4,
        "name": "Atul Khatri\u2019s Comedy Hour",
        "venue": "Pune",
        "date": "2025-06-20",
        "base_price": 900,
        "max_tickets_per_user": 4,
        "total_tickets": 80,
        "tickets_sold": 60
    },
    {
        "id": 5,
        "name": "Abhishek Upmanyu Stand-up Special",
        "venue": "Hyderabad",
        "date": "2025-07-12",
        "base_price": 1100,
        "max_tickets_per_user": 3,
        "total_tickets": 90,
        "tickets_sold": 75
    },
    {
        "id": 6,
        "name": "Biswa Kalyan Rath Live",
        "venue": "Kolkata",
        "date": "2025-08-08",
        "base_price": 1400,
        "max_tickets_per_user": 3,
        "total_tickets": 110,
        "tickets_sold": 95
    },
    {
        "id": 7,
        "name": "Aditi Mittal - Unfiltered",
        "venue": "Chennai",
        "date": "2025-09-17",
        "base_price": 1300,
        "max_tickets_per_user": 4,
        "total_tickets": 100,
        "tickets_sold": 85
    },
    {
        "id": 8,
        "name": "Neville Shah - Sarcastic Nights",
        "venue": "Ahmedabad",
        "date": "2025-10-02",
        "base_price": 900,
        "max_tickets_per_user": 4,
        "total_tickets": 80,
        "tickets_sold": 50
    },
    {
        "id": 9,
        "name": "Varun Grover - Political Satire",
        "venue": "Lucknow",
        "date": "2025-11-14",
        "base_price": 950,
        "max_tickets_per_user": 5,
        "total_tickets": 90,
        "tickets_sold": 70
    },
    {
        "id": 10,
        "name": "Rahul Subramanian's LOL Night",
        "venue": "Indore",
        "date": "2025-12-22",
        "base_price": 1100,
        "max_tickets_per_user": 3,
        "total_tickets": 85,
        "tickets_sold": 65
    }
]