[
    {
        "id": 1,
        "name": "Amit Sharma",
        "email": "amit@email.com",
        "verified": true,
        "tickets_bought": []
    },
    {
        "id": 2,
        "name": "Fake Reseller",
        "email": "fake@email.com",
        "verified": false,
        "tickets_bought": []
    },
    {
        "id": 3,
        "name": "Sneha Patel",
        "email": "sneha@email.com",
        "verified": true,
        "tickets_bought": []
    },
    {
        "id": 4,
        "name": "Rajesh Gupta",
        "email": "rajesh@email.com",
        "verified": true,
        "tickets_bought": []
    },
    {
        "id": 5,
        "name": "Fake Scalper 1",
        "email": "scalper1@email.com",
        "verified": false,
        "tickets_bought": []
    },
    {
        "id": 6,
        "name": "Fake Scalper 2",
        "email": "scalper2@email.com",
        "verified": false,
        "tickets_bought": []
    }
]