[
    {"id": 1, "user_name": "Rahul Mehta", "event": "Comedy Night", "venue": "Laugh Arena", "booking_date": "2025-03-01", "event_date": "2025-03-10", "status": "Confirmed", "cancellation_date": ""},
    {"id": 2, "user_name": "Neha Sharma", "event": "Stand-Up Special", "venue": "Comedy Square", "booking_date": "2025-03-02", "event_date": "2025-03-07", "status": "Cancelled", "cancellation_date": "2025-03-06"},
    {"id": 3, "user_name": "Amit Joshi", "event": "Open Mic Night", "venue": "Humor Hub", "booking_date": "2025-03-04", "event_date": "2025-03-09", "status": "Cancelled", "cancellation_date": "2025-03-08"},
    {"id": 4, "user_name": "Priya Verma", "event": "Comedy Festival", "venue": "Chuckle Club", "booking_date": "2025-03-01", "event_date": "2025-03-10", "status": "Confirmed", "cancellation_date": ""},
    {"id": 5, "user_name": "Suresh Patel", "event": "Laughter Express", "venue": "Comedy Street", "booking_date": "2025-02-28", "event_date": "2025-03-05", "status": "Cancelled", "cancellation_date": "2025-03-04"},
    {"id": 6, "user_name": "Pooja Reddy", "event": "Improv Battle", "venue": "The Comedy Shack", "booking_date": "2025-03-03", "event_date": "2025-03-08", "status": "Cancelled", "cancellation_date": "2025-03-07"},
    {"id": 7, "user_name": "Rajiv Nair", "event": "Comedy Roast", "venue": "Roast Club", "booking_date": "2025-03-05", "event_date": "2025-03-12", "status": "Confirmed", "cancellation_date": ""},
    {"id": 8, "user_name": "Ananya Singh", "event": "Comedy Carnival", "venue": "Joke Junction", "booking_date": "2025-02-27", "event_date": "2025-03-06", "status": "Cancelled", "cancellation_date": "2025-03-05"},
    {"id": 9, "user_name": "Deepak Kumar", "event": "Laugh Riot", "venue": "Laugh House", "booking_date": "2025-03-06", "event_date": "2025-03-13", "status": "Confirmed", "cancellation_date": ""},
    {"id": 10, "user_name": "Meera Chopra", "event": "Stand-Up Showdown", "venue": "Jokers Den", "booking_date": "2025-03-02", "event_date": "2025-03-07", "status": "Cancelled", "cancellation_date": "2025-03-06"},
    {"id": 11, "user_name": "Tarun Bajaj", "event": "The Funny Club", "venue": "Comedy Haven", "booking_date": "2025-03-07", "event_date": "2025-03-14", "status": "Confirmed", "cancellation_date": ""},
    {"id": 12, "user_name": "Simran Kaur", "event": "Mic Drop Night", "venue": "Joke Factory", "booking_date": "2025-03-03", "event_date": "2025-03-10", "status": "Cancelled", "cancellation_date": "2025-03-09"},
    {"id": 13, "user_name": "Akash Malhotra", "event": "Funny Fridays", "venue": "Gag Central", "booking_date": "2025-02-25", "event_date": "2025-03-04", "status": "Confirmed", "cancellation_date": ""},
    {"id": 14, "user_name": "Divya Joshi", "event": "Comic Relief", "venue": "Humor Hub", "booking_date": "2025-03-01", "event_date": "2025-03-07", "status": "Cancelled", "cancellation_date": "2025-03-05"},
    {"id": 15, "user_name": "Nitin Garg", "event": "Late Night Laughter", "venue": "Laugh Lounge", "booking_date": "2025-02-28", "event_date": "2025-03-06", "status": "Confirmed", "cancellation_date": ""},
    {"id": 16, "user_name": "Roshni Kapoor", "event": "Weekend Laughs", "venue": "Laugh Out Loud Club", "booking_date": "2025-03-01", "event_date": "2025-03-09", "status": "Cancelled", "cancellation_date": "2025-03-08"},
    {"id": 17, "user_name": "Arun Mishra", "event": "Laugh & Learn", "venue": "Wisdom Club", "booking_date": "2025-03-05", "event_date": "2025-03-11", "status": "Cancelled", "cancellation_date": "2025-03-10"},
    {"id": 18, "user_name": "Geeta Yadav", "event": "Humor Fest", "venue": "Giggle Grounds", "booking_date": "2025-03-04", "event_date": "2025-03-10", "status": "Confirmed", "cancellation_date": ""},
    {"id": 19, "user_name": "Vinod Iyer", "event": "The LOL Series", "venue": "The Laughter Club", "booking_date": "2025-03-02", "event_date": "2025-03-07", "status": "Cancelled", "cancellation_date": "2025-03-06"},
    {"id": 20, "user_name": "Ayesha Khan", "event": "Gag Nights", "venue": "Joke Plaza", "booking_date": "2025-02-28", "event_date": "2025-03-05", "status": "Confirmed", "cancellation_date": ""},
    {"id": 21, "user_name": "Suraj Verma", "event": "Comic Kings", "venue": "Royal Comedy Club", "booking_date": "2025-03-03", "event_date": "2025-03-09", "status": "Cancelled", "cancellation_date": "2025-03-08"},
    {"id": 22, "user_name": "Kiran Patel", "event": "Rising Stars Comedy", "venue": "Talent Comedy Stage", "booking_date": "2025-02-25", "event_date": "2025-03-04", "status": "Cancelled", "cancellation_date": "2025-03-03"},
    {"id": 23, "user_name": "Varun Saxena", "event": "Funny First Fridays", "venue": "The Comedy Junction", "booking_date": "2025-03-01", "event_date": "2025-03-07", "status": "Confirmed", "cancellation_date": ""},
    {"id": 24, "user_name": "Preeti Sharma", "event": "Sunday Laughter Brunch", "venue": "Brunch & Giggles", "booking_date": "2025-03-06", "event_date": "2025-03-13", "status": "Cancelled", "cancellation_date": "2025-03-11"},
    {"id": 25, "user_name": "Ravi Goel", "event": "Late Show Comedy", "venue": "Late Night Comedy Club", "booking_date": "2025-03-02", "event_date": "2025-03-09", "status": "Confirmed", "cancellation_date": ""}
]
